Carrier,Flight Time.1
AA,28.017652253521135
F9,35.820954827586206
NK,28.069932033898283
UA,29.685106644295274
VX,26.424403103448242
